0.13245033112582782,0.3076923076923077,0.3657142857142857,0.29213483146067415,0.03896103896103897,0.29299363057324845,0.34782608695652173,0.09090909090909091,0.3005780346820809,0.3657142857142857,0.33103448275862074,0.4230769230769231,0.15730337078651685,0.32167832167832167,0.23859649122807017,0.35294117647058826,0.3883495145631068,0.32398753894080995,0.32542372881355935,0.43692307692307697,0.5290102389078497,0.659400544959128,0.5438898450946643,0.7499999999999999,0.4754358161648177,0.5636942675159237,0.5876923076923077,0.5188679245283019,0.49757673667205166,0.6726726726726727,0.5743380855397148,0.6799276672694394,0.5021008403361344,0.7088372093023255,0.4421272158498436,0.5661538461538461,0.5706161137440758,0.6828358208955224,0.6235399820305481,0.7171171171171172
10.0,26.0,32.0,26.0,3.0,23.0,32.0,7.0,26.0,32.0,48.0,66.0,21.0,46.0,34.0,54.0,60.0,52.0,48.0,71.0,155.0,242.0,158.0,279.0,150.0,177.0,191.0,165.0,154.0,224.0,282.0,376.0,239.0,381.0,212.0,276.0,301.0,366.0,347.0,398.0
1918.0,1916.0,1916.0,1907.0,1908.0,1925.0,1907.0,1912.0,1912.0,1916.0,1817.0,1813.0,1813.0,1819.0,1808.0,1807.0,1810.0,1790.0,1812.0,1805.0,1628.0,1567.0,1636.0,1594.0,1578.0,1608.0,1600.0,1588.0,1594.0,1617.0,1359.0,1329.0,1346.0,1365.0,1312.0,1360.0,1305.0,1353.0,1293.0,1347.0
92.0,76.0,70.0,76.0,99.0,80.0,70.0,95.0,76.0,70.0,157.0,139.0,184.0,159.0,171.0,151.0,145.0,153.0,157.0,134.0,256.0,169.0,253.0,132.0,261.0,234.0,220.0,246.0,257.0,188.0,404.0,310.0,447.0,306.0,474.0,410.0,385.0,320.0,340.0,288.0
39.0,41.0,41.0,50.0,49.0,31.0,50.0,45.0,45.0,41.0,37.0,41.0,41.0,35.0,46.0,47.0,44.0,64.0,42.0,49.0,20.0,81.0,12.0,54.0,70.0,40.0,48.0,60.0,54.0,30.0,14.0,44.0,27.0,7.0,61.0,13.0,68.0,20.0,79.0,26.0
0.13245033112582782,0.3076923076923077,0.3657142857142857,0.29213483146067415,0.03896103896103897,0.29299363057324845,0.34782608695652173,0.09090909090909091,0.3005780346820809,0.3657142857142857,0.33103448275862074,0.4230769230769231,0.15730337078651685,0.32167832167832167,0.23859649122807017,0.35294117647058826,0.3883495145631068,0.32398753894080995,0.32542372881355935,0.43692307692307697,0.5290102389078497,0.659400544959128,0.5438898450946643,0.7499999999999999,0.4754358161648177,0.5636942675159237,0.5876923076923077,0.5188679245283019,0.49757673667205166,0.6726726726726727,0.5743380855397148,0.6799276672694394,0.5021008403361344,0.7088372093023255,0.4421272158498436,0.5661538461538461,0.5706161137440758,0.6828358208955224,0.6235399820305481,0.7171171171171172
10.0,26.0,32.0,26.0,3.0,23.0,32.0,7.0,26.0,32.0,48.0,66.0,21.0,46.0,34.0,54.0,60.0,52.0,48.0,71.0,155.0,242.0,158.0,279.0,150.0,177.0,191.0,165.0,154.0,224.0,282.0,376.0,239.0,381.0,212.0,276.0,301.0,366.0,347.0,398.0
1918.0,1916.0,1916.0,1907.0,1908.0,1925.0,1907.0,1912.0,1912.0,1916.0,1817.0,1813.0,1813.0,1819.0,1808.0,1807.0,1810.0,1790.0,1812.0,1805.0,1628.0,1567.0,1636.0,1594.0,1578.0,1608.0,1600.0,1588.0,1594.0,1617.0,1359.0,1329.0,1346.0,1365.0,1312.0,1360.0,1305.0,1353.0,1293.0,1347.0
92.0,76.0,70.0,76.0,99.0,80.0,70.0,95.0,76.0,70.0,157.0,139.0,184.0,159.0,171.0,151.0,145.0,153.0,157.0,134.0,256.0,169.0,253.0,132.0,261.0,234.0,220.0,246.0,257.0,188.0,404.0,310.0,447.0,306.0,474.0,410.0,385.0,320.0,340.0,288.0
39.0,41.0,41.0,50.0,49.0,31.0,50.0,45.0,45.0,41.0,37.0,41.0,41.0,35.0,46.0,47.0,44.0,64.0,42.0,49.0,20.0,81.0,12.0,54.0,70.0,40.0,48.0,60.0,54.0,30.0,14.0,44.0,27.0,7.0,61.0,13.0,68.0,20.0,79.0,26.0
0.08155995706760392,0.04787373820437324,0.04831311841684899,0.13963116255411603,0.14747035544708242,0.08065149715795014,0.0809068625332688,0.05019759419206839,0.07432172142327963,0.06898480305888101,0.22909562194682656,0.09652566965378612,0.1505949989804337,0.13669055324880897,0.24763005299512328,0.20738667330598318,0.12670733576516,0.2024054709814667,0.21055286822678146,0.13719660835265954,0.5053426776572948,0.22996683756989658,0.38708100104992027,0.3054007272138071,0.16990986891563745,0.265963226503024,0.3164693217644291,0.1851989963735107,0.2202035818700762,0.46228537403836045,0.5354622108740575,0.7047161395624632,0.4834513681339226,0.3625311702014503,0.33761877324121714,0.5622951076485891,0.3434955046246396,0.6040619763810543,0.3690990897123665,0.6753321838141574
1.0869554958575833,1.049975477343756,1.043986118031008,1.038507149852313,1.0808372696968482,1.094926195466925,1.0623219524522984,1.0664009783630548,1.1208388647282777,1.0886065598945611,1.1326809130188955,1.0358750850266525,1.0712795925924028,1.0926542193043307,1.1059285170466884,1.1169573773148576,1.031325069018481,1.1440425874387483,1.0317739519173352,1.098465481091628,1.1488407583095868,1.793305434265859,1.0254609484679227,1.1713295589886925,1.2517367466719271,1.1630717761948755,1.084777939093217,1.2440310281309666,1.096191798738091,1.064135247900419,1.2013976028790592,1.2161085186365002,1.1803511310218926,1.103507010786738,1.0281737929285526,1.165865001887199,1.2475488197833289,1.1251158117180178,1.6814992052393605,1.1707510303013409
5.115833851171579,4.299677498014084,2.3151774728368344,10.91942183002619,4.854762217232265,7.203780020045565,6.162334041544697,5.097594491427957,7.409308854212645,4.187233132199609,6.8833408532805,32.69232949059055,6.015363106329633,10.156400451834248,13.200521007542331,18.4140205106621,6.196504692021717,15.65950531253044,7.574399719363173,11.177503313113013,14.10074144820075,34.049413896139434,17.434327146497115,32.05076024368657,56.2618328032071,29.229463040934707,15.870999421977958,55.182674104253316,55.59132887996106,14.03778270978601,28.65551578038574,37.66492749570974,28.856684663545405,23.079331059330034,69.94034950484817,31.061657318329903,28.136583014022605,16.118022225898766,74.90077882327193,34.85842433925614
3.710828281829888,3.175687813295824,3.257409575003868,3.6713199564243078,4.45985634888313,5.240557344546243,4.001084590410357,3.168694254321675,3.3672732233233322,3.2367211082347738,3.057015737564541,4.309037324172662,3.1274333014508136,3.3785844245791057,3.8734231453911883,4.227415328909328,3.2496587674167654,6.25190046207755,2.9156974204836077,5.299289674836698,2.9015094422061374,31.996000894063872,2.8924009049509523,6.97903992059456,13.651029837994535,7.360307545893244,4.8599944663741415,13.016385517531331,9.772978353090647,6.830267572339813,5.470562065927777,10.43440500635632,5.2596643363902436,5.538437606643843,13.05793195361133,5.318156182026858,11.663492868575082,5.471991899839962,73.66183156011027,9.147411248387153
